brand,model,trim,segment,fuel_type,price,power_ps,torque_nm,displacement_cc,efficiency,length_mm,width_mm,height_mm,wheelbase_mm,seats,image_local_path,image_filename,image_exists,image_status,width,height,has_transparency,wiki_title,image_match_key
Audi,A3,A3 40 TFSI S Tronic,준중형 세단,가솔린,4451,204.0,320,1984,12.4,4495,1815,1425,2636,5,C:\anaconda\envs\bigdata\PROJECT1\streamlit\project\ev_compare_dashboard\assets\all_cars_cutout\images\audi_a3.png,audi_a3.png,True,ok,960,522,True,,Audi | A3
Audi,A3,A3 40 TFSI Premium S Tronic,준중형 세단,가솔린,4874,204.0,320,1984,12.4,4495,1815,1425,2636,5,C:\anaconda\envs\bigdata\PROJECT1\streamlit\project\ev_compare_dashboard\assets\all_cars_cutout\images\audi_a3.png,audi_a3.png,True,ok,960,522,True,,Audi | A3
Audi,S3,S3 TFSI quattro,준중형 세단,가솔린,5964,310.0,400,1984,10.4,4505,1816,1415,2630,5,C:\anaconda\envs\bigdata\PROJECT1\streamlit\project\ev_compare_dashboard\assets\all_cars_cutout\images\audi_s3.png,audi_s3.png,True,ok,960,684,True,,Audi | S3
Audi,A4,A4 40 TFSI,중형 세단,가솔린,5317,204.0,320,1984,12.0,4760,1845,1430,2820,5,C:\anaconda\envs\bigdata\PROJECT1\streamlit\project\ev_compare_dashboard\assets\all_cars_cutout\images\audi_a4.png,audi_a4.png,True,ok,960,500,True,,Audi | A4
Audi,A4,A4 45 TFSI quattro Premium,중형 세단,가솔린,6593,265.0,370,1984,10.7,4760,1845,1430,2820,5,C:\anaconda\envs\bigdata\PROJECT1\streamlit\project\ev_compare_dashboard\assets\all_cars_cutout\images\audi_a4.png,audi_a4.png,True,ok,960,500,True,,Audi | A4
Audi,A5 Sportback,A5 Sportback 40 TFSI quattro,중형 세단,가솔린,5916,204.0,320,1984,12.1,4755,1845,1390,2825,5,C:\anaconda\envs\bigdata\PROJECT1\streamlit\project\ev_compare_dashboard\assets\all_cars_cutout\images\audi_a5_sportback.png,audi_a5_sportback.png,True,ok,960,515,True,,Audi | A5 Sportback
Audi,A6,A6 45 TFSI Premium,준대형 세단,가솔린,7950,265.0,370,1984,11.5,4939,1886,1457,2924,5,C:\anaconda\envs\bigdata\PROJECT1\streamlit\project\ev_compare_dashboard\assets\all_cars_cutout\images\audi_a6.png,audi_a6.png,True,ok,960,444,True,,Audi | A6
Audi,A6,A6 50 TDI quattro Premium,준대형 세단,디젤,8790,286.0,620,2967,12.7,4939,1886,1457,2924,5,C:\anaconda\envs\bigdata\PROJECT1\streamlit\project\ev_compare_dashboard\assets\all_cars_cutout\images\audi_a6.png,audi_a6.png,True,ok,960,444,True,,Audi | A6
Audi,A7,A7 55 TFSI quattro Premium,준대형 세단,가솔린,10050,340.0,500,2995,10.1,4969,1908,1422,2926,5,C:\anaconda\envs\bigdata\PROJECT1\streamlit\project\ev_compare_dashboard\assets\all_cars_cutout\images\audi_a7.png,audi_a7.png,True,ok,960,567,True,,Audi | A7
Audi,A8 L,A8 L 55 TFSI quattro Premium Tiptronic,대형 세단,가솔린,16242,340.0,500,2995,9.9,5320,1945,1488,3128,5,C:\anaconda\envs\bigdata\PROJECT1\streamlit\project\ev_compare_dashboard\assets\all_cars_cutout\images\audi_a8_l.png,audi_a8_l.png,True,ok,960,490,True,,Audi | A8 L
Audi,Q2,Q2 35 TDI Premium,소형 SUV,디젤,4240,150.0,340,1968,15.1,4208,1794,1537,2601,5,C:\anaconda\envs\bigdata\PROJECT1\streamlit\project\ev_compare_dashboard\assets\all_cars_cutout\images\audi_q2.png,audi_q2.png,True,ok,960,516,True,,Audi | Q2
Audi,Q3,Q3 35 TDI,준중형 SUV,디젤,4858,150.0,340,1968,14.1,4485,1849,1616,2680,5,C:\anaconda\envs\bigdata\PROJECT1\streamlit\project\ev_compare_dashboard\assets\all_cars_cutout\images\audi_q3.png,audi_q3.png,True,ok,960,642,True,,Audi | Q3
Audi,Q4 e-tron,Q4 e-tron 40 Premium,준중형 SUV,전기,6670,204.0,310,0,4.5,4588,1865,1632,2764,5,C:\anaconda\envs\bigdata\PROJECT1\streamlit\project\ev_compare_dashboard\assets\all_cars_cutout\images\audi_q4_e-tron.png,audi_q4_e-tron.png,True,ok,960,522,True,,Audi | Q4 e-tron
Audi,Q5,Q5 45 TFSI quattro Premium,중형 SUV,가솔린,7412,265.0,370,1984,10.5,4682,1893,1662,2819,5,C:\anaconda\envs\bigdata\PROJECT1\streamlit\project\ev_compare_dashboard\assets\all_cars_cutout\images\audi_q5.png,audi_q5.png,True,ok,960,542,True,,Audi | Q5
Audi,Q5 Sportback,Q5 Sportback 45 TFSI quattro Premium,중형 SUV,가솔린,7780,265.0,370,1984,10.1,4690,1895,1660,2820,5,C:\anaconda\envs\bigdata\PROJECT1\streamlit\project\ev_compare_dashboard\assets\all_cars_cutout\images\audi_q5_sportback.png,audi_q5_sportback.png,True,ok,960,542,True,,Audi | Q5 Sportback
Audi,Q7,Q7 55 TFSI quattro Premium,준대형 SUV,가솔린,11835,340.0,500,2995,8.9,5072,1970,1740,2999,7,C:\anaconda\envs\bigdata\PROJECT1\streamlit\project\ev_compare_dashboard\assets\all_cars_cutout\images\audi_q7.png,audi_q7.png,True,ok,960,497,True,,Audi | Q7
Audi,Q8,Q8 55 TFSI quattro Premium,준대형 SUV,가솔린,12285,340.0,500,2995,8.2,4990,1995,1705,2995,5,C:\anaconda\envs\bigdata\PROJECT1\streamlit\project\ev_compare_dashboard\assets\all_cars_cutout\images\audi_q8.png,audi_q8.png,True,ok,960,505,True,,Audi | Q8
Audi,e-tron GT,e-tron GT quattro,대형 세단,전기,14332,530.0,640,0,3.7,4990,1965,1415,2900,4,C:\anaconda\envs\bigdata\PROJECT1\streamlit\project\ev_compare_dashboard\assets\all_cars_cutout\images\audi_e-tron_gt.png,audi_e-tron_gt.png,True,ok,960,449,True,,Audi | e-tron GT
Audi,RS e-tron GT,RS e-tron GT Performance,대형 세단,전기,20720,646.0,830,0,3.3,4990,1965,1410,2900,4,C:\anaconda\envs\bigdata\PROJECT1\streamlit\project\ev_compare_dashboard\assets\all_cars_cutout\images\audi_rs_e-tron_gt.png,audi_rs_e-tron_gt.png,True,ok,960,449,True,,Audi | RS e-tron GT
BMW,3 Series,320i A/T,중형 세단,가솔린,5790,190.0,310,1998,12.2,4715,1825,1440,2850,5,C:\anaconda\envs\bigdata\PROJECT1\streamlit\project\ev_compare_dashboard\assets\all_cars_cutout\images\bmw_3_series.png,bmw_3_series.png,True,ok,960,492,True,,BMW | 3 Series
BMW,3 Series,320i Online Exclusive,중형 세단,가솔린,5930,190.0,310,1998,12.2,4715,1825,1440,2850,5,C:\anaconda\envs\bigdata\PROJECT1\streamlit\project\ev_compare_dashboard\assets\all_cars_cutout\images\bmw_3_series.png,bmw_3_series.png,True,ok,960,492,True,,BMW | 3 Series
BMW,3 Series,320i M Sport,중형 세단,가솔린,6100,190.0,310,1998,12.2,4715,1825,1440,2850,5,C:\anaconda\envs\bigdata\PROJECT1\streamlit\project\ev_compare_dashboard\assets\all_cars_cutout\images\bmw_3_series.png,bmw_3_series.png,True,ok,960,492,True,,BMW | 3 Series
BMW,3 Series,320i M Sport Online Exclusive,중형 세단,가솔린,6240,190.0,310,1998,12.2,4715,1825,1440,2850,5,C:\anaconda\envs\bigdata\PROJECT1\streamlit\project\ev_compare_dashboard\assets\all_cars_cutout\images\bmw_3_series.png,bmw_3_series.png,True,ok,960,492,True,,BMW | 3 Series
BMW,3 Series,320i M Sport Pro Special Edition,중형 세단,가솔린,6240,190.0,310,1998,12.2,4715,1825,1440,2850,5,C:\anaconda\envs\bigdata\PROJECT1\streamlit\project\ev_compare_dashboard\assets\all_cars_cutout\images\bmw_3_series.png,bmw_3_series.png,True,ok,960,492,True,,BMW | 3 Series
BMW,3 Series,320i M Sport Pro 50th Special Edition,중형 세단,가솔린,7190,190.0,310,1998,12.2,4715,1825,1440,2850,5,C:\anaconda\envs\bigdata\PROJECT1\streamlit\project\ev_compare_dashboard\assets\all_cars_cutout\images\bmw_3_series.png,bmw_3_series.png,True,ok,960,492,True,,BMW | 3 Series
BMW,3 Series,320d A/T,중형 세단,디젤,6060,190.0,400,1995,15.2,4715,1825,1440,2850,5,C:\anaconda\envs\bigdata\PROJECT1\streamlit\project\ev_compare_dashboard\assets\all_cars_cutout\images\bmw_3_series.png,bmw_3_series.png,True,ok,960,492,True,,BMW | 3 Series
BMW,3 Series,320d M Sport,중형 세단,디젤,6350,190.0,400,1995,15.2,4715,1825,1440,2850,5,C:\anaconda\envs\bigdata\PROJECT1\streamlit\project\ev_compare_dashboard\assets\all_cars_cutout\images\bmw_3_series.png,bmw_3_series.png,True,ok,960,492,True,,BMW | 3 Series
BMW,3 Series,320d xDrive A/T,중형 세단,디젤,6320,190.0,400,1995,13.7,4715,1825,1440,2850,5,C:\anaconda\envs\bigdata\PROJECT1\streamlit\project\ev_compare_dashboard\assets\all_cars_cutout\images\bmw_3_series.png,bmw_3_series.png,True,ok,960,492,True,,BMW | 3 Series
BMW,3 Series,320d xDrive M Sport,중형 세단,디젤,6620,190.0,400,1995,13.7,4715,1825,1440,2850,5,C:\anaconda\envs\bigdata\PROJECT1\streamlit\project\ev_compare_dashboard\assets\all_cars_cutout\images\bmw_3_series.png,bmw_3_series.png,True,ok,960,492,True,,BMW | 3 Series
BMW,3 Series,M340i Pro,중형 세단,가솔린,8390,392.0,540,2998,12.0,4715,1825,1440,2850,5,C:\anaconda\envs\bigdata\PROJECT1\streamlit\project\ev_compare_dashboard\assets\all_cars_cutout\images\bmw_3_series.png,bmw_3_series.png,True,ok,960,492,True,,BMW | 3 Series
BMW,3 Series,M340i Pro First Edition,중형 세단,가솔린,8660,392.0,540,2998,12.0,4715,1825,1440,2850,5,C:\anaconda\envs\bigdata\PROJECT1\streamlit\project\ev_compare_dashboard\assets\all_cars_cutout\images\bmw_3_series.png,bmw_3_series.png,True,ok,960,492,True,,BMW | 3 Series
BMW,3 Series,M340i Pro Frozen Brooklyn Grey Edition,중형 세단,가솔린,8830,392.0,540,2998,12.0,4715,1825,1440,2850,5,C:\anaconda\envs\bigdata\PROJECT1\streamlit\project\ev_compare_dashboard\assets\all_cars_cutout\images\bmw_3_series.png,bmw_3_series.png,True,ok,960,492,True,,BMW | 3 Series
BMW,5 Series,520i A/T,준대형 세단,가솔린,6980,190.0,310,1998,12.1,5060,1900,1515,2995,5,C:\anaconda\envs\bigdata\PROJECT1\streamlit\project\ev_compare_dashboard\assets\all_cars_cutout\images\bmw_5_series.png,bmw_5_series.png,True,ok,960,492,True,,BMW | 5 Series
BMW,5 Series,520i M Sport,준대형 세단,가솔린,7430,190.0,310,1998,12.1,5060,1900,1515,2995,5,C:\anaconda\envs\bigdata\PROJECT1\streamlit\project\ev_compare_dashboard\assets\all_cars_cutout\images\bmw_5_series.png,bmw_5_series.png,True,ok,960,492,True,,BMW | 5 Series
BMW,5 Series,520i M Sport Pro Special Edition,준대형 세단,가솔린,7570,190.0,310,1998,12.1,5060,1900,1515,2995,5,C:\anaconda\envs\bigdata\PROJECT1\streamlit\project\ev_compare_dashboard\assets\all_cars_cutout\images\bmw_5_series.png,bmw_5_series.png,True,ok,960,492,True,,BMW | 5 Series
BMW,5 Series,523d A/T,준대형 세단,디젤,7680,197.0,400,1995,14.7,5060,1900,1515,2995,5,C:\anaconda\envs\bigdata\PROJECT1\streamlit\project\ev_compare_dashboard\assets\all_cars_cutout\images\bmw_5_series.png,bmw_5_series.png,True,ok,960,492,True,,BMW | 5 Series
BMW,5 Series,523d M Sport,준대형 세단,디젤,8140,197.0,400,1995,14.7,5060,1900,1515,2995,5,C:\anaconda\envs\bigdata\PROJECT1\streamlit\project\ev_compare_dashboard\assets\all_cars_cutout\images\bmw_5_series.png,bmw_5_series.png,True,ok,960,492,True,,BMW | 5 Series
BMW,5 Series,523d xDrive A/T,준대형 세단,디젤,7980,197.0,400,1995,13.8,5060,1900,1515,2995,5,C:\anaconda\envs\bigdata\PROJECT1\streamlit\project\ev_compare_dashboard\assets\all_cars_cutout\images\bmw_5_series.png,bmw_5_series.png,True,ok,960,492,True,,BMW | 5 Series
BMW,5 Series,523d xDrive M Sport,준대형 세단,디젤,8430,197.0,400,1995,13.8,5060,1900,1515,2995,5,C:\anaconda\envs\bigdata\PROJECT1\streamlit\project\ev_compare_dashboard\assets\all_cars_cutout\images\bmw_5_series.png,bmw_5_series.png,True,ok,960,492,True,,BMW | 5 Series
BMW,5 Series,530i xDrive A/T,준대형 세단,가솔린,8450,258.0,400,1998,11.1,5060,1900,1515,2995,5,C:\anaconda\envs\bigdata\PROJECT1\streamlit\project\ev_compare_dashboard\assets\all_cars_cutout\images\bmw_5_series.png,bmw_5_series.png,True,ok,960,492,True,,BMW | 5 Series
BMW,5 Series,530i xDrive M Sport,준대형 세단,가솔린,8900,258.0,400,1998,11.1,5060,1900,1515,2995,5,C:\anaconda\envs\bigdata\PROJECT1\streamlit\project\ev_compare_dashboard\assets\all_cars_cutout\images\bmw_5_series.png,bmw_5_series.png,True,ok,960,492,True,,BMW | 5 Series
BMW,5 Series,530i xDrive M Sport Pro Special Edition,준대형 세단,가솔린,9140,258.0,400,1998,11.1,5060,1900,1515,2995,5,C:\anaconda\envs\bigdata\PROJECT1\streamlit\project\ev_compare_dashboard\assets\all_cars_cutout\images\bmw_5_series.png,bmw_5_series.png,True,ok,960,492,True,,BMW | 5 Series
BMW,X1,sDrive18d xLine,준중형 SUV,디젤,5910,150.0,360,1995,14.8,4500,1845,1640,2692,5,C:\anaconda\envs\bigdata\PROJECT1\streamlit\project\ev_compare_dashboard\assets\all_cars_cutout\images\bmw_x1.png,bmw_x1.png,True,ok,960,541,True,,BMW | X1
BMW,X1,sDrive18d M Sport,준중형 SUV,디젤,6390,150.0,360,1995,14.8,4500,1845,1640,2692,5,C:\anaconda\envs\bigdata\PROJECT1\streamlit\project\ev_compare_dashboard\assets\all_cars_cutout\images\bmw_x1.png,bmw_x1.png,True,ok,960,541,True,,BMW | X1
BMW,X1,xDrive20i xLine,준중형 SUV,가솔린,6310,204.0,300,1998,10.6,4500,1845,1640,2692,5,C:\anaconda\envs\bigdata\PROJECT1\streamlit\project\ev_compare_dashboard\assets\all_cars_cutout\images\bmw_x1.png,bmw_x1.png,True,ok,960,541,True,,BMW | X1
BMW,X1,xDrive20i M Sport,준중형 SUV,가솔린,6790,204.0,300,1998,10.6,4500,1845,1640,2692,5,C:\anaconda\envs\bigdata\PROJECT1\streamlit\project\ev_compare_dashboard\assets\all_cars_cutout\images\bmw_x1.png,bmw_x1.png,True,ok,960,541,True,,BMW | X1
BMW,X1,M35i xDrive A/T,준중형 SUV,가솔린,7220,317.0,400,1998,10.2,4500,1845,1640,2692,5,C:\anaconda\envs\bigdata\PROJECT1\streamlit\project\ev_compare_dashboard\assets\all_cars_cutout\images\bmw_x1.png,bmw_x1.png,True,ok,960,541,True,,BMW | X1
BMW,X5,xDrive30d xLine (7-seat),준대형 SUV,디젤,11780,286.0,650,2993,11.4,4935,1970,1765,2975,7,C:\anaconda\envs\bigdata\PROJECT1\streamlit\project\ev_compare_dashboard\assets\all_cars_cutout\images\bmw_x5.png,bmw_x5.png,True,ok,960,597,True,,BMW | X5
BMW,X5,xDrive30d M Sport (5-seat),준대형 SUV,디젤,12290,286.0,650,2993,11.4,4935,1970,1765,2975,5,C:\anaconda\envs\bigdata\PROJECT1\streamlit\project\ev_compare_dashboard\assets\all_cars_cutout\images\bmw_x5.png,bmw_x5.png,True,ok,960,597,True,,BMW | X5
BMW,X5,xDrive30d M Sport (7-seat),준대형 SUV,디젤,12540,286.0,650,2993,11.4,4935,1970,1765,2975,7,C:\anaconda\envs\bigdata\PROJECT1\streamlit\project\ev_compare_dashboard\assets\all_cars_cutout\images\bmw_x5.png,bmw_x5.png,True,ok,960,597,True,,BMW | X5
BMW,X5,xDrive40d M Sport Pro,준대형 SUV,디젤,13300,340.0,700,2993,11.0,4935,1970,1765,2975,5,C:\anaconda\envs\bigdata\PROJECT1\streamlit\project\ev_compare_dashboard\assets\all_cars_cutout\images\bmw_x5.png,bmw_x5.png,True,ok,960,597,True,,BMW | X5
BMW,X5,xDrive40i xLine (7-seat),준대형 SUV,가솔린,12380,381.0,540,2998,9.2,4935,1970,1765,2975,7,C:\anaconda\envs\bigdata\PROJECT1\streamlit\project\ev_compare_dashboard\assets\all_cars_cutout\images\bmw_x5.png,bmw_x5.png,True,ok,960,597,True,,BMW | X5
BMW,X5,xDrive40i M Sport (5-seat),준대형 SUV,가솔린,13050,381.0,540,2998,9.2,4935,1970,1765,2975,5,C:\anaconda\envs\bigdata\PROJECT1\streamlit\project\ev_compare_dashboard\assets\all_cars_cutout\images\bmw_x5.png,bmw_x5.png,True,ok,960,597,True,,BMW | X5
BMW,X5,xDrive40i M Sport (7-seat),준대형 SUV,가솔린,13350,381.0,540,2998,9.2,4935,1970,1765,2975,7,C:\anaconda\envs\bigdata\PROJECT1\streamlit\project\ev_compare_dashboard\assets\all_cars_cutout\images\bmw_x5.png,bmw_x5.png,True,ok,960,597,True,,BMW | X5
BMW,X5,xDrive40i M Sport Pro Dravit Grey 30th Anniversary Edition (5-seat),준대형 SUV,가솔린,13650,381.0,540,2998,9.2,4935,1970,1765,2975,5,C:\anaconda\envs\bigdata\PROJECT1\streamlit\project\ev_compare_dashboard\assets\all_cars_cutout\images\bmw_x5.png,bmw_x5.png,True,ok,960,597,True,,BMW | X5
BMW,X5,M60i Pro,준대형 SUV,가솔린,15900,530.0,750,4395,7.5,4935,1970,1765,2975,5,C:\anaconda\envs\bigdata\PROJECT1\streamlit\project\ev_compare_dashboard\assets\all_cars_cutout\images\bmw_x5.png,bmw_x5.png,True,ok,960,597,True,,BMW | X5
BMW,X7,xDrive40i Design Pure Excellence (7-seat),대형 SUV,가솔린,14850,381.0,540,2998,7.8,5180,2000,1835,3105,7,C:\anaconda\envs\bigdata\PROJECT1\streamlit\project\ev_compare_dashboard\assets\all_cars_cutout\images\bmw_x7.png,bmw_x7.png,True,ok,960,501,True,,BMW | X7
BMW,X7,xDrive40i Design Pure Excellence (6-seat),대형 SUV,가솔린,15050,381.0,540,2998,7.8,5180,2000,1835,3105,6,C:\anaconda\envs\bigdata\PROJECT1\streamlit\project\ev_compare_dashboard\assets\all_cars_cutout\images\bmw_x7.png,bmw_x7.png,True,ok,960,501,True,,BMW | X7
BMW,X7,xDrive40i M Sport Package (7-seat),대형 SUV,가솔린,15100,381.0,540,2998,7.8,5180,2000,1835,3105,7,C:\anaconda\envs\bigdata\PROJECT1\streamlit\project\ev_compare_dashboard\assets\all_cars_cutout\images\bmw_x7.png,bmw_x7.png,True,ok,960,501,True,,BMW | X7
BMW,X7,xDrive40i M Sport Package (6-seat),대형 SUV,가솔린,15300,381.0,540,2998,7.8,5180,2000,1835,3105,6,C:\anaconda\envs\bigdata\PROJECT1\streamlit\project\ev_compare_dashboard\assets\all_cars_cutout\images\bmw_x7.png,bmw_x7.png,True,ok,960,501,True,,BMW | X7
BMW,X7,xDrive40d Design Pure Excellence (7-seat),대형 SUV,디젤,14950,340.0,700,2993,10.0,5180,2000,1835,3105,7,C:\anaconda\envs\bigdata\PROJECT1\streamlit\project\ev_compare_dashboard\assets\all_cars_cutout\images\bmw_x7.png,bmw_x7.png,True,ok,960,501,True,,BMW | X7
BMW,X7,xDrive40d Design Pure Excellence (6-seat),대형 SUV,디젤,15150,340.0,700,2993,10.0,5180,2000,1835,3105,6,C:\anaconda\envs\bigdata\PROJECT1\streamlit\project\ev_compare_dashboard\assets\all_cars_cutout\images\bmw_x7.png,bmw_x7.png,True,ok,960,501,True,,BMW | X7
BMW,X7,xDrive40d M Sport Package (7-seat),대형 SUV,디젤,15200,340.0,700,2993,10.0,5180,2000,1835,3105,7,C:\anaconda\envs\bigdata\PROJECT1\streamlit\project\ev_compare_dashboard\assets\all_cars_cutout\images\bmw_x7.png,bmw_x7.png,True,ok,960,501,True,,BMW | X7
BMW,X7,xDrive40d M Sport Package (6-seat),대형 SUV,디젤,15400,340.0,700,2993,10.0,5180,2000,1835,3105,6,C:\anaconda\envs\bigdata\PROJECT1\streamlit\project\ev_compare_dashboard\assets\all_cars_cutout\images\bmw_x7.png,bmw_x7.png,True,ok,960,501,True,,BMW | X7
BMW,X7,M60i xDrive M Sport Pro,대형 SUV,가솔린,18080,530.0,750,4395,6.9,5180,2000,1835,3105,7,C:\anaconda\envs\bigdata\PROJECT1\streamlit\project\ev_compare_dashboard\assets\all_cars_cutout\images\bmw_x7.png,bmw_x7.png,True,ok,960,501,True,,BMW | X7
BMW,i4,eDrive40 M Sport,중형 세단,전기,7830,335.3,430,0,4.7,4785,1850,1448,2856,5,C:\anaconda\envs\bigdata\PROJECT1\streamlit\project\ev_compare_dashboard\assets\all_cars_cutout\images\bmw_i4.png,bmw_i4.png,True,ok,960,460,True,,BMW | i4
BMW,i4,eDrive40 M Sport Pro,중형 세단,전기,8450,335.3,430,0,4.7,4785,1850,1448,2856,5,C:\anaconda\envs\bigdata\PROJECT1\streamlit\project\ev_compare_dashboard\assets\all_cars_cutout\images\bmw_i4.png,bmw_i4.png,True,ok,960,460,True,,BMW | i4
BMW,iX,xDrive45 M Sport Package,준대형 SUV,전기,12480,402.3,700,0,4.0,4955,1965,1695,3000,5,C:\anaconda\envs\bigdata\PROJECT1\streamlit\project\ev_compare_dashboard\assets\all_cars_cutout\images\bmw_ix.png,bmw_ix.png,True,ok,960,469,True,,BMW | iX
BMW,iX,xDrive45 M Sport First Edition,준대형 SUV,전기,12710,402.3,700,0,4.0,4955,1965,1695,3000,5,C:\anaconda\envs\bigdata\PROJECT1\streamlit\project\ev_compare_dashboard\assets\all_cars_cutout\images\bmw_ix.png,bmw_ix.png,True,ok,960,469,True,,BMW | iX
BMW,iX,xDrive60 M Sport Pro Package,준대형 SUV,전기,15380,536.4,765,0,4.0,4955,1965,1695,3000,5,C:\anaconda\envs\bigdata\PROJECT1\streamlit\project\ev_compare_dashboard\assets\all_cars_cutout\images\bmw_ix.png,bmw_ix.png,True,ok,960,469,True,,BMW | iX
BMW,M2,M2 A/T,준중형 쿠페,가솔린,9170,480.0,600,2993,8.5,4580,1887,1403,2747,4,C:\anaconda\envs\bigdata\PROJECT1\streamlit\project\ev_compare_dashboard\assets\all_cars_cutout\images\bmw_m2.png,bmw_m2.png,True,ok,960,476,True,,BMW | M2
BMW,M2,Frozen Portimao Blue 30th Anniversary Edition,준중형 쿠페,가솔린,10230,480.0,600,2993,8.5,4580,1887,1403,2747,4,C:\anaconda\envs\bigdata\PROJECT1\streamlit\project\ev_compare_dashboard\assets\all_cars_cutout\images\bmw_m2.png,bmw_m2.png,True,ok,960,476,True,,BMW | M2
BMW,M2,Voodoo Blue 30th Anniversary Edition,준중형 쿠페,가솔린,10400,480.0,600,2993,8.5,4580,1887,1403,2747,4,C:\anaconda\envs\bigdata\PROJECT1\streamlit\project\ev_compare_dashboard\assets\all_cars_cutout\images\bmw_m2.png,bmw_m2.png,True,ok,960,476,True,,BMW | M2
BMW,XM,XM 50e A/T,대형 SUV,플러그인 하이브리드,22190,653.0,800,4395,10.0,5110,2005,1755,3105,5,C:\anaconda\envs\bigdata\PROJECT1\streamlit\project\ev_compare_dashboard\assets\all_cars_cutout\images\bmw_xm.png,bmw_xm.png,True,ok,960,541,True,,BMW | XM
BMW,XM,XM Label Carbon Black Edition,대형 SUV,플러그인 하이브리드,25470,748.0,1000,4395,10.0,5110,2005,1755,3105,5,C:\anaconda\envs\bigdata\PROJECT1\streamlit\project\ev_compare_dashboard\assets\all_cars_cutout\images\bmw_xm.png,bmw_xm.png,True,ok,960,541,True,,BMW | XM
BMW,2 Series Gran Coupe,220 Gran Coupe M Sport Design,준중형 세단,가솔린,4990,204.0,300,1998,12.3,4546,1800,1445,2670,5,C:\anaconda\envs\bigdata\PROJECT1\streamlit\project\ev_compare_dashboard\assets\all_cars_cutout\images\bmw_2_series_gran_coupe.png,bmw_2_series_gran_coupe.png,True,ok,960,520,True,,BMW | 2 Series Gran Coupe
BMW,2 Series Gran Coupe,220 Gran Coupe M Sport,준중형 세단,가솔린,5350,204.0,300,1998,12.3,4546,1800,1445,2670,5,C:\anaconda\envs\bigdata\PROJECT1\streamlit\project\ev_compare_dashboard\assets\all_cars_cutout\images\bmw_2_series_gran_coupe.png,bmw_2_series_gran_coupe.png,True,ok,960,520,True,,BMW | 2 Series Gran Coupe
BMW,2 Series Gran Coupe,M235 xDrive Gran Coupe Pro,준중형 세단,가솔린,6400,317.0,400,1998,10.6,4546,1800,1445,2670,5,C:\anaconda\envs\bigdata\PROJECT1\streamlit\project\ev_compare_dashboard\assets\all_cars_cutout\images\bmw_2_series_gran_coupe.png,bmw_2_series_gran_coupe.png,True,ok,960,520,True,,BMW | 2 Series Gran Coupe
BMW,2 Series Coupe,M240i xDrive Coupe,준중형 쿠페,가솔린,7430,387.0,500,2998,9.6,4537,1838,1390,2741,4,C:\anaconda\envs\bigdata\PROJECT1\streamlit\project\ev_compare_dashboard\assets\all_cars_cutout\images\bmw_2_series_coupe.png,bmw_2_series_coupe.png,True,ok,960,495,True,,BMW | 2 Series Coupe
BMW,X2,xDrive20i M Sport,준중형 SUV,가솔린,6930,204.0,300,1998,10.8,4555,1845,1575,2692,5,C:\anaconda\envs\bigdata\PROJECT1\streamlit\project\ev_compare_dashboard\assets\all_cars_cutout\images\bmw_x2.png,bmw_x2.png,True,ok,960,506,True,,BMW | X2
BMW,X2,M35i xDrive,준중형 SUV,가솔린,7560,317.0,400,1998,10.0,4555,1845,1575,2692,5,C:\anaconda\envs\bigdata\PROJECT1\streamlit\project\ev_compare_dashboard\assets\all_cars_cutout\images\bmw_x2.png,bmw_x2.png,True,ok,960,506,True,,BMW | X2
BMW,iX1,xDrive30 xLine,준중형 SUV,전기,6790,313.0,494,0,4.2,4500,1835,1615,2692,5,C:\anaconda\envs\bigdata\PROJECT1\streamlit\project\ev_compare_dashboard\assets\all_cars_cutout\images\bmw_ix1.png,bmw_ix1.png,True,ok,960,539,True,,BMW | iX1
BMW,iX1,xDrive30 M Sport,준중형 SUV,전기,7050,313.0,494,0,4.2,4500,1835,1615,2692,5,C:\anaconda\envs\bigdata\PROJECT1\streamlit\project\ev_compare_dashboard\assets\all_cars_cutout\images\bmw_ix1.png,bmw_ix1.png,True,ok,960,539,True,,BMW | iX1
BMW,iX2,eDrive20 M Sport,준중형 SUV,전기,6580,204.0,250,0,4.8,4555,1845,1560,2692,5,C:\anaconda\envs\bigdata\PROJECT1\streamlit\project\ev_compare_dashboard\assets\all_cars_cutout\images\bmw_ix2.png,bmw_ix2.png,True,ok,960,506,True,,BMW | iX2
BMW,X3,20 xDrive,중형 SUV,가솔린,6850,190.0,310,1998,10.9,4755,1920,1660,2865,5,C:\anaconda\envs\bigdata\PROJECT1\streamlit\project\ev_compare_dashboard\assets\all_cars_cutout\images\bmw_x3.png,bmw_x3.png,True,ok,960,539,True,,BMW | X3
BMW,X3,20 xDrive M Sport,중형 SUV,가솔린,7470,190.0,310,1998,10.9,4755,1920,1660,2865,5,C:\anaconda\envs\bigdata\PROJECT1\streamlit\project\ev_compare_dashboard\assets\all_cars_cutout\images\bmw_x3.png,bmw_x3.png,True,ok,960,539,True,,BMW | X3
BMW,X3,20 xDrive M Sport Pro,중형 SUV,가솔린,7930,190.0,310,1998,10.9,4755,1920,1660,2865,5,C:\anaconda\envs\bigdata\PROJECT1\streamlit\project\ev_compare_dashboard\assets\all_cars_cutout\images\bmw_x3.png,bmw_x3.png,True,ok,960,539,True,,BMW | X3
BMW,X3,M50 xDrive Pro,중형 SUV,가솔린,9870,398.0,580,2998,10.6,4755,1920,1660,2865,5,C:\anaconda\envs\bigdata\PROJECT1\streamlit\project\ev_compare_dashboard\assets\all_cars_cutout\images\bmw_x3.png,bmw_x3.png,True,ok,960,539,True,,BMW | X3
BMW,i5,eDrive40,준대형 세단,전기,8490,340.0,430,0,4.8,5060,1900,1515,2995,5,C:\anaconda\envs\bigdata\PROJECT1\streamlit\project\ev_compare_dashboard\assets\all_cars_cutout\images\bmw_i5.png,bmw_i5.png,True,ok,960,492,True,,BMW | i5
BMW,i5,eDrive40 M Sport,준대형 세단,전기,9570,340.0,430,0,4.8,5060,1900,1515,2995,5,C:\anaconda\envs\bigdata\PROJECT1\streamlit\project\ev_compare_dashboard\assets\all_cars_cutout\images\bmw_i5.png,bmw_i5.png,True,ok,960,492,True,,BMW | i5
BMW,i5 M60,M60 xDrive Pro,준대형 세단,전기,13810,601.0,820,0,3.9,5060,1900,1515,2995,5,C:\anaconda\envs\bigdata\PROJECT1\streamlit\project\ev_compare_dashboard\assets\all_cars_cutout\images\bmw_i5_m60.png,bmw_i5_m60.png,True,ok,960,492,True,,BMW | i5 M60
BMW,i7,xDrive60 Design Pure Excellence,대형 세단,전기,21210,544.0,745,0,3.7,5390,1950,1545,3215,5,C:\anaconda\envs\bigdata\PROJECT1\streamlit\project\ev_compare_dashboard\assets\all_cars_cutout\images\bmw_i7.png,bmw_i7.png,True,ok,960,487,True,,BMW | i7
BMW,i7,xDrive60 M Sport,대형 세단,전기,21510,544.0,745,0,3.7,5390,1950,1545,3215,5,C:\anaconda\envs\bigdata\PROJECT1\streamlit\project\ev_compare_dashboard\assets\all_cars_cutout\images\bmw_i7.png,bmw_i7.png,True,ok,960,487,True,,BMW | i7
BMW,Z4,sDrive20i M Sport,로드스터,가솔린,7710,197.0,320,1998,10.7,4325,1865,1300,2470,2,C:\anaconda\envs\bigdata\PROJECT1\streamlit\project\ev_compare_dashboard\assets\all_cars_cutout\images\bmw_z4.png,bmw_z4.png,True,ok,960,504,True,,BMW | Z4
BMW,Z4,M40i,로드스터,가솔린,9960,340.0,500,2998,10.2,4325,1865,1300,2470,2,C:\anaconda\envs\bigdata\PROJECT1\streamlit\project\ev_compare_dashboard\assets\all_cars_cutout\images\bmw_z4.png,bmw_z4.png,True,ok,960,504,True,,BMW | Z4
Hyundai,Avante,1.6 가솔린 모던,준중형 세단,가솔린,1990,123.0,154,1598,15.2,4710,1825,1420,2720,5,C:\anaconda\envs\bigdata\PROJECT1\streamlit\project\ev_compare_dashboard\assets\all_cars_cutout\images\hyundai_avante.png,hyundai_avante.png,True,ok,960,547,True,,Hyundai | Avante
Hyundai,Avante Hybrid,Smart,준중형 세단,하이브리드,2523,141.0,147,1580,21.1,4710,1825,1420,2720,5,C:\anaconda\envs\bigdata\PROJECT1\streamlit\project\ev_compare_dashboard\assets\all_cars_cutout\images\hyundai_avante_hybrid.png,hyundai_avante_hybrid.png,True,ok,960,547,True,,Hyundai | Avante Hybrid
Hyundai,Avante Hybrid,Inspiration,준중형 세단,하이브리드,3115,141.0,147,1580,21.1,4710,1825,1420,2720,5,C:\anaconda\envs\bigdata\PROJECT1\streamlit\project\ev_compare_dashboard\assets\all_cars_cutout\images\hyundai_avante_hybrid.png,hyundai_avante_hybrid.png,True,ok,960,547,True,,Hyundai | Avante Hybrid
Hyundai,Avante Hybrid,N Line,준중형 세단,하이브리드,3184,141.0,147,1580,19.2,4710,1825,1420,2720,5,C:\anaconda\envs\bigdata\PROJECT1\streamlit\project\ev_compare_dashboard\assets\all_cars_cutout\images\hyundai_avante_hybrid.png,hyundai_avante_hybrid.png,True,ok,960,547,True,,Hyundai | Avante Hybrid
Hyundai,Avante N,2.0 터보 N DCT,준중형 세단,가솔린,3309,280.0,392,1998,10.4,4710,1825,1415,2720,5,C:\anaconda\envs\bigdata\PROJECT1\streamlit\project\ev_compare_dashboard\assets\all_cars_cutout\images\hyundai_avante_n.png,hyundai_avante_n.png,True,ok,960,547,True,,Hyundai | Avante N
Hyundai,Sonata,2.0 가솔린 프리미엄,중형 세단,가솔린,2826,160.0,196,1999,13.5,4910,1860,1445,2840,5,C:\anaconda\envs\bigdata\PROJECT1\streamlit\project\ev_compare_dashboard\assets\all_cars_cutout\images\hyundai_sonata.png,hyundai_sonata.png,True,ok,960,406,True,,Hyundai | Sonata
Hyundai,Sonata,1.6 터보 익스클루시브,중형 세단,가솔린,3321,180.0,265,1598,13.5,4910,1860,1445,2840,5,C:\anaconda\envs\bigdata\PROJECT1\streamlit\project\ev_compare_dashboard\assets\all_cars_cutout\images\hyundai_sonata.png,hyundai_sonata.png,True,ok,960,406,True,,Hyundai | Sonata
Hyundai,Sonata Hybrid,프리미엄,중형 세단,하이브리드,3232,195.0,192,1999,19.4,4910,1860,1445,2840,5,C:\anaconda\envs\bigdata\PROJECT1\streamlit\project\ev_compare_dashboard\assets\all_cars_cutout\images\hyundai_sonata_hybrid.png,hyundai_sonata_hybrid.png,True,ok,960,406,True,,Hyundai | Sonata Hybrid
Hyundai,Sonata Hybrid,인스퍼레이션,중형 세단,하이브리드,3912,195.0,192,1999,17.1,4910,1860,1445,2840,5,C:\anaconda\envs\bigdata\PROJECT1\streamlit\project\ev_compare_dashboard\assets\all_cars_cutout\images\hyundai_sonata_hybrid.png,hyundai_sonata_hybrid.png,True,ok,960,406,True,,Hyundai | Sonata Hybrid
Hyundai,Grandeur,2.5 가솔린 프리미엄,준대형 세단,가솔린,3798,198.0,248,2497,11.7,5035,1880,1460,2895,5,C:\anaconda\envs\bigdata\PROJECT1\streamlit\project\ev_compare_dashboard\assets\all_cars_cutout\images\hyundai_grandeur.png,hyundai_grandeur.png,True,ok,960,542,True,,Hyundai | Grandeur
Hyundai,Grandeur,3.5 가솔린 캘리그래피,준대형 세단,가솔린,4710,300.0,359,3470,10.4,5035,1880,1460,2895,5,C:\anaconda\envs\bigdata\PROJECT1\streamlit\project\ev_compare_dashboard\assets\all_cars_cutout\images\hyundai_grandeur.png,hyundai_grandeur.png,True,ok,960,542,True,,Hyundai | Grandeur
Hyundai,Grandeur Hybrid,프리미엄,준대형 세단,하이브리드,4291,230.0,350,1598,18.0,5035,1880,1460,2895,5,C:\anaconda\envs\bigdata\PROJECT1\streamlit\project\ev_compare_dashboard\assets\all_cars_cutout\images\hyundai_grandeur_hybrid.png,hyundai_grandeur_hybrid.png,True,ok,960,542,True,,Hyundai | Grandeur Hybrid
Hyundai,Grandeur Hybrid,캘리그래피,준대형 세단,하이브리드,5266,230.0,350,1598,16.7,5035,1880,1460,2895,5,C:\anaconda\envs\bigdata\PROJECT1\streamlit\project\ev_compare_dashboard\assets\all_cars_cutout\images\hyundai_grandeur_hybrid.png,hyundai_grandeur_hybrid.png,True,ok,960,542,True,,Hyundai | Grandeur Hybrid
Hyundai,Casper,1.0 가솔린 스마트,경형 SUV,가솔린,1490,76.0,95,998,14.3,3595,1595,1575,2400,4,C:\anaconda\envs\bigdata\PROJECT1\streamlit\project\ev_compare_dashboard\assets\all_cars_cutout\images\hyundai_casper.png,hyundai_casper.png,True,ok,960,612,True,,Hyundai | Casper
Hyundai,Casper,1.0 터보 인스퍼레이션,경형 SUV,가솔린,1960,100.0,172,998,12.8,3595,1595,1575,2400,4,C:\anaconda\envs\bigdata\PROJECT1\streamlit\project\ev_compare_dashboard\assets\all_cars_cutout\images\hyundai_casper.png,hyundai_casper.png,True,ok,960,612,True,,Hyundai | Casper
Hyundai,Casper Electric,Inspiration,경형 SUV,전기,3150,115.0,147,0,6.0,3595,1595,1575,2400,4,C:\anaconda\envs\bigdata\PROJECT1\streamlit\project\ev_compare_dashboard\assets\all_cars_cutout\images\hyundai_casper_electric.png,hyundai_casper_electric.png,True,ok,960,612,True,,Hyundai | Casper Electric
Hyundai,Kona,1.6 가솔린 터보 모던,소형 SUV,가솔린,2477,198.0,265,1598,13.0,4350,1825,1580,2660,5,C:\anaconda\envs\bigdata\PROJECT1\streamlit\project\ev_compare_dashboard\assets\all_cars_cutout\images\hyundai_kona.png,hyundai_kona.png,True,ok,960,541,True,,Hyundai | Kona
Hyundai,Kona Hybrid,모던,소형 SUV,하이브리드,2955,141.0,265,1580,19.8,4350,1825,1580,2660,5,C:\anaconda\envs\bigdata\PROJECT1\streamlit\project\ev_compare_dashboard\assets\all_cars_cutout\images\hyundai_kona_hybrid.png,hyundai_kona_hybrid.png,True,ok,960,541,True,,Hyundai | Kona Hybrid
Hyundai,Kona Hybrid,인스퍼레이션,소형 SUV,하이브리드,3512,141.0,265,1580,18.1,4350,1825,1580,2660,5,C:\anaconda\envs\bigdata\PROJECT1\streamlit\project\ev_compare_dashboard\assets\all_cars_cutout\images\hyundai_kona_hybrid.png,hyundai_kona_hybrid.png,True,ok,960,541,True,,Hyundai | Kona Hybrid
Hyundai,Kona Electric,E-Value+,소형 SUV,전기,4152,204.0,255,0,5.5,4355,1825,1580,2660,5,C:\anaconda\envs\bigdata\PROJECT1\streamlit\project\ev_compare_dashboard\assets\all_cars_cutout\images\hyundai_kona_electric.png,hyundai_kona_electric.png,True,ok,960,541,True,,Hyundai | Kona Electric
Hyundai,Kona Electric,Inspiration,소형 SUV,전기,4992,204.0,255,0,5.1,4355,1825,1580,2660,5,C:\anaconda\envs\bigdata\PROJECT1\streamlit\project\ev_compare_dashboard\assets\all_cars_cutout\images\hyundai_kona_electric.png,hyundai_kona_electric.png,True,ok,960,541,True,,Hyundai | Kona Electric
Hyundai,Ioniq 5,Standard E-Value+,준중형 SUV,전기,4740,167.5,350,0,5.1,4655,1890,1605,3000,5,C:\anaconda\envs\bigdata\PROJECT1\streamlit\project\ev_compare_dashboard\assets\all_cars_cutout\images\hyundai_ioniq_5.png,hyundai_ioniq_5.png,True,ok,960,492,True,,Hyundai | Ioniq 5
Hyundai,Ioniq 5,Long Range Prestige,준중형 SUV,전기,5915,225.2,350,0,5.2,4655,1890,1605,3000,5,C:\anaconda\envs\bigdata\PROJECT1\streamlit\project\ev_compare_dashboard\assets\all_cars_cutout\images\hyundai_ioniq_5.png,hyundai_ioniq_5.png,True,ok,960,492,True,,Hyundai | Ioniq 5
Hyundai,Ioniq 5,Long Range AWD Prestige,준중형 SUV,전기,6162,320.5,605,0,4.8,4655,1890,1605,3000,5,C:\anaconda\envs\bigdata\PROJECT1\streamlit\project\ev_compare_dashboard\assets\all_cars_cutout\images\hyundai_ioniq_5.png,hyundai_ioniq_5.png,True,ok,960,492,True,,Hyundai | Ioniq 5
Hyundai,Ioniq 6,Standard E-Lite,중형 세단,전기,4856,151.0,350,0,6.2,4855,1880,1495,2950,5,C:\anaconda\envs\bigdata\PROJECT1\streamlit\project\ev_compare_dashboard\assets\all_cars_cutout\images\hyundai_ioniq_6.png,hyundai_ioniq_6.png,True,ok,960,491,True,,Hyundai | Ioniq 6
Hyundai,Ioniq 6,Long Range Exclusive,중형 세단,전기,5515,225.0,350,0,6.0,4855,1880,1495,2950,5,C:\anaconda\envs\bigdata\PROJECT1\streamlit\project\ev_compare_dashboard\assets\all_cars_cutout\images\hyundai_ioniq_6.png,hyundai_ioniq_6.png,True,ok,960,491,True,,Hyundai | Ioniq 6
Hyundai,Ioniq 6,Long Range AWD Prestige,중형 세단,전기,6135,320.0,605,0,5.1,4855,1880,1495,2950,5,C:\anaconda\envs\bigdata\PROJECT1\streamlit\project\ev_compare_dashboard\assets\all_cars_cutout\images\hyundai_ioniq_6.png,hyundai_ioniq_6.png,True,ok,960,491,True,,Hyundai | Ioniq 6
Hyundai,Tucson,1.6 가솔린 터보 모던,준중형 SUV,가솔린,2771,180.0,265,1598,12.5,4640,1865,1665,2755,5,C:\anaconda\envs\bigdata\PROJECT1\streamlit\project\ev_compare_dashboard\assets\all_cars_cutout\images\hyundai_tucson.png,hyundai_tucson.png,True,ok,960,515,True,,Hyundai | Tucson
Hyundai,Tucson,2.0 디젤 인스퍼레이션 AWD,준중형 SUV,디젤,3694,184.0,417,1998,14.0,4640,1865,1665,2755,5,C:\anaconda\envs\bigdata\PROJECT1\streamlit\project\ev_compare_dashboard\assets\all_cars_cutout\images\hyundai_tucson.png,hyundai_tucson.png,True,ok,960,515,True,,Hyundai | Tucson
Hyundai,Tucson Hybrid,Modern,준중형 SUV,하이브리드,3270,235.0,350,1598,16.2,4640,1865,1665,2755,5,C:\anaconda\envs\bigdata\PROJECT1\streamlit\project\ev_compare_dashboard\assets\all_cars_cutout\images\hyundai_tucson_hybrid.png,hyundai_tucson_hybrid.png,True,ok,960,515,True,,Hyundai | Tucson Hybrid
Hyundai,Tucson Hybrid,Inspiration AWD,준중형 SUV,하이브리드,4084,235.0,350,1598,14.7,4640,1865,1665,2755,5,C:\anaconda\envs\bigdata\PROJECT1\streamlit\project\ev_compare_dashboard\assets\all_cars_cutout\images\hyundai_tucson_hybrid.png,hyundai_tucson_hybrid.png,True,ok,960,515,True,,Hyundai | Tucson Hybrid
Hyundai,Santa Fe,2.5 가솔린 터보 익스클루시브,중형 SUV,가솔린,3546,281.0,422,2497,10.5,4830,1900,1720,2815,5,C:\anaconda\envs\bigdata\PROJECT1\streamlit\project\ev_compare_dashboard\assets\all_cars_cutout\images\hyundai_santa_fe.png,hyundai_santa_fe.png,True,ok,960,586,True,,Hyundai | Santa Fe
Hyundai,Santa Fe,2.2 디젤 프레스티지 AWD,중형 SUV,디젤,4094,194.0,440,2151,12.4,4830,1900,1720,2815,5,C:\anaconda\envs\bigdata\PROJECT1\streamlit\project\ev_compare_dashboard\assets\all_cars_cutout\images\hyundai_santa_fe.png,hyundai_santa_fe.png,True,ok,960,586,True,,Hyundai | Santa Fe
Hyundai,Santa Fe Hybrid,익스클루시브,중형 SUV,하이브리드,3888,235.0,350,1598,15.5,4830,1900,1720,2815,5,C:\anaconda\envs\bigdata\PROJECT1\streamlit\project\ev_compare_dashboard\assets\all_cars_cutout\images\hyundai_santa_fe_hybrid.png,hyundai_santa_fe_hybrid.png,True,ok,960,586,True,,Hyundai | Santa Fe Hybrid
Hyundai,Santa Fe Hybrid,캘리그래피 AWD,중형 SUV,하이브리드,4973,235.0,350,1598,13.8,4830,1900,1720,2815,6,C:\anaconda\envs\bigdata\PROJECT1\streamlit\project\ev_compare_dashboard\assets\all_cars_cutout\images\hyundai_santa_fe_hybrid.png,hyundai_santa_fe_hybrid.png,True,ok,960,586,True,,Hyundai | Santa Fe Hybrid
Hyundai,Palisade,가솔린 3.8 익스클루시브,대형 SUV,가솔린,3397,295.0,355,3778,9.6,4980,1975,1750,2900,7,C:\anaconda\envs\bigdata\PROJECT1\streamlit\project\ev_compare_dashboard\assets\all_cars_cutout\images\hyundai_palisade.png,hyundai_palisade.png,True,ok,960,595,True,,Hyundai | Palisade
Hyundai,Palisade,가솔린 3.8 프레스티지,대형 SUV,가솔린,3962,295.0,355,3778,9.3,4980,1975,1750,2900,7,C:\anaconda\envs\bigdata\PROJECT1\streamlit\project\ev_compare_dashboard\assets\all_cars_cutout\images\hyundai_palisade.png,hyundai_palisade.png,True,ok,960,595,True,,Hyundai | Palisade
Hyundai,Staria Lounge,7인승 디젤 인스퍼레이션,대형 MPV,디젤,4254,177.0,431,2199,12.3,5255,1995,1990,3275,7,C:\anaconda\envs\bigdata\PROJECT1\streamlit\project\ev_compare_dashboard\assets\all_cars_cutout\images\hyundai_staria_lounge.png,hyundai_staria_lounge.png,True,ok,960,555,True,,Hyundai | Staria Lounge
Hyundai,Staria Lounge,9인승 디젤 인스퍼레이션,대형 MPV,디젤,4123,177.0,431,2199,12.3,5255,1995,1990,3275,9,C:\anaconda\envs\bigdata\PROJECT1\streamlit\project\ev_compare_dashboard\assets\all_cars_cutout\images\hyundai_staria_lounge.png,hyundai_staria_lounge.png,True,ok,960,555,True,,Hyundai | Staria Lounge
Hyundai,Nexo,익스클루시브,중형 SUV,수소,7644,184.0,395,0,96.2,4670,1860,1640,2790,5,C:\anaconda\envs\bigdata\PROJECT1\streamlit\project\ev_compare_dashboard\assets\all_cars_cutout\images\hyundai_nexo.png,hyundai_nexo.png,True,ok,960,641,True,,Hyundai | Nexo
Kia,Morning,1.0 가솔린 트렌디,경차,가솔린,1325,76.0,97,998,15.1,3595,1595,1485,2400,5,C:\anaconda\envs\bigdata\PROJECT1\streamlit\project\ev_compare_dashboard\assets\all_cars_cutout\images\kia_morning.png,kia_morning.png,True,ok,960,569,True,,Kia | Morning
Kia,Morning,1.0 가솔린 프레스티지,경차,가솔린,1485,76.0,97,998,15.1,3595,1595,1485,2400,5,C:\anaconda\envs\bigdata\PROJECT1\streamlit\project\ev_compare_dashboard\assets\all_cars_cutout\images\kia_morning.png,kia_morning.png,True,ok,960,569,True,,Kia | Morning
Kia,Morning,1.0 가솔린 시그니처,경차,가솔린,1655,76.0,97,998,15.1,3595,1595,1485,2400,5,C:\anaconda\envs\bigdata\PROJECT1\streamlit\project\ev_compare_dashboard\assets\all_cars_cutout\images\kia_morning.png,kia_morning.png,True,ok,960,569,True,,Kia | Morning
Kia,Ray,1.0 가솔린 트렌디,경차,가솔린,1390,76.0,97,998,12.7,3595,1595,1700,2520,5,C:\anaconda\envs\bigdata\PROJECT1\streamlit\project\ev_compare_dashboard\assets\all_cars_cutout\images\kia_ray.png,kia_ray.png,True,ok,960,658,True,,Kia | Ray
Kia,Ray,1.0 가솔린 프레스티지,경차,가솔린,1585,76.0,97,998,12.7,3595,1595,1700,2520,5,C:\anaconda\envs\bigdata\PROJECT1\streamlit\project\ev_compare_dashboard\assets\all_cars_cutout\images\kia_ray.png,kia_ray.png,True,ok,960,658,True,,Kia | Ray
Kia,Ray,1.0 가솔린 시그니처,경차,가솔린,1720,76.0,97,998,12.7,3595,1595,1700,2520,5,C:\anaconda\envs\bigdata\PROJECT1\streamlit\project\ev_compare_dashboard\assets\all_cars_cutout\images\kia_ray.png,kia_ray.png,True,ok,960,658,True,,Kia | Ray
Kia,Ray,EV 라이트,경차,전기,2735,86.0,147,0,5.1,3595,1595,1710,2520,4,C:\anaconda\envs\bigdata\PROJECT1\streamlit\project\ev_compare_dashboard\assets\all_cars_cutout\images\kia_ray.png,kia_ray.png,True,ok,960,658,True,,Kia | Ray
Kia,Ray,EV 에어,경차,전기,2825,86.0,147,0,5.1,3595,1595,1710,2520,4,C:\anaconda\envs\bigdata\PROJECT1\streamlit\project\ev_compare_dashboard\assets\all_cars_cutout\images\kia_ray.png,kia_ray.png,True,ok,960,658,True,,Kia | Ray
Kia,Ray,EV 어스,경차,전기,2955,86.0,147,0,5.1,3595,1595,1710,2520,4,C:\anaconda\envs\bigdata\PROJECT1\streamlit\project\ev_compare_dashboard\assets\all_cars_cutout\images\kia_ray.png,kia_ray.png,True,ok,960,658,True,,Kia | Ray
Kia,K3,1.6 가솔린 트렌디,준중형 세단,가솔린,1825,123.0,154,1598,15.2,4645,1800,1440,2700,5,C:\anaconda\envs\bigdata\PROJECT1\streamlit\project\ev_compare_dashboard\assets\all_cars_cutout\images\kia_k3.png,kia_k3.png,True,ok,960,480,True,,Kia | K3
Kia,K3,1.6 가솔린 프레스티지,준중형 세단,가솔린,2151,123.0,154,1598,15.2,4645,1800,1440,2700,5,C:\anaconda\envs\bigdata\PROJECT1\streamlit\project\ev_compare_dashboard\assets\all_cars_cutout\images\kia_k3.png,kia_k3.png,True,ok,960,480,True,,Kia | K3
Kia,K3,1.6 가솔린 시그니처,준중형 세단,가솔린,2507,123.0,154,1598,15.2,4645,1800,1440,2700,5,C:\anaconda\envs\bigdata\PROJECT1\streamlit\project\ev_compare_dashboard\assets\all_cars_cutout\images\kia_k3.png,kia_k3.png,True,ok,960,480,True,,Kia | K3
Kia,K5,2.0 가솔린 프레스티지,중형 세단,가솔린,2784,160.0,200,1999,12.2,4905,1860,1445,2850,5,C:\anaconda\envs\bigdata\PROJECT1\streamlit\project\ev_compare_dashboard\assets\all_cars_cutout\images\kia_k5.png,kia_k5.png,True,ok,960,482,True,,Kia | K5
Kia,K5,2.0 가솔린 노블레스,중형 세단,가솔린,3135,160.0,200,1999,12.2,4905,1860,1445,2850,5,C:\anaconda\envs\bigdata\PROJECT1\streamlit\project\ev_compare_dashboard\assets\all_cars_cutout\images\kia_k5.png,kia_k5.png,True,ok,960,482,True,,Kia | K5
Kia,K5,2.0 가솔린 시그니처,중형 세단,가솔린,3447,160.0,200,1999,12.2,4905,1860,1445,2850,5,C:\anaconda\envs\bigdata\PROJECT1\streamlit\project\ev_compare_dashboard\assets\all_cars_cutout\images\kia_k5.png,kia_k5.png,True,ok,960,482,True,,Kia | K5
Kia,K8,2.5 가솔린 노블레스 라이트,준대형 세단,가솔린,3450,198.0,253,2497,12.0,5050,1880,1455,2895,5,C:\anaconda\envs\bigdata\PROJECT1\streamlit\project\ev_compare_dashboard\assets\all_cars_cutout\images\kia_k8.png,kia_k8.png,True,ok,960,454,True,,Kia | K8
Kia,K8,2.5 가솔린 노블레스,준대형 세단,가솔린,3811,198.0,253,2497,12.0,5050,1880,1455,2895,5,C:\anaconda\envs\bigdata\PROJECT1\streamlit\project\ev_compare_dashboard\assets\all_cars_cutout\images\kia_k8.png,kia_k8.png,True,ok,960,454,True,,Kia | K8
Kia,K8,2.5 가솔린 시그니처,준대형 세단,가솔린,4150,198.0,253,2497,12.0,5050,1880,1455,2895,5,C:\anaconda\envs\bigdata\PROJECT1\streamlit\project\ev_compare_dashboard\assets\all_cars_cutout\images\kia_k8.png,kia_k8.png,True,ok,960,454,True,,Kia | K8
Kia,K8,1.6 HEV 노블레스 라이트,준대형 세단,하이브리드,3995,230.0,357,1598,17.1,5050,1880,1455,2895,5,C:\anaconda\envs\bigdata\PROJECT1\streamlit\project\ev_compare_dashboard\assets\all_cars_cutout\images\kia_k8.png,kia_k8.png,True,ok,960,454,True,,Kia | K8
Kia,K8,1.6 HEV 노블레스,준대형 세단,하이브리드,4474,230.0,357,1598,17.1,5050,1880,1455,2895,5,C:\anaconda\envs\bigdata\PROJECT1\streamlit\project\ev_compare_dashboard\assets\all_cars_cutout\images\kia_k8.png,kia_k8.png,True,ok,960,454,True,,Kia | K8
Kia,K8,1.6 HEV 시그니처 블랙,준대형 세단,하이브리드,4550,230.0,357,1598,17.1,5050,1880,1455,2895,5,C:\anaconda\envs\bigdata\PROJECT1\streamlit\project\ev_compare_dashboard\assets\all_cars_cutout\images\kia_k8.png,kia_k8.png,True,ok,960,454,True,,Kia | K8
Kia,K9,3.8 가솔린 플래티넘,대형 세단,가솔린,5933,315.0,397,3778,9.0,5140,1915,1490,3105,5,C:\anaconda\envs\bigdata\PROJECT1\streamlit\project\ev_compare_dashboard\assets\all_cars_cutout\images\kia_k9.png,kia_k9.png,True,ok,960,470,True,,Kia | K9
Kia,K9,3.8 가솔린 마스터즈,대형 세단,가솔린,7395,315.0,397,3778,9.0,5140,1915,1490,3105,5,C:\anaconda\envs\bigdata\PROJECT1\streamlit\project\ev_compare_dashboard\assets\all_cars_cutout\images\kia_k9.png,kia_k9.png,True,ok,960,470,True,,Kia | K9
Kia,K9,3.8 가솔린 베스트 셀렉션 II,대형 세단,가솔린,8210,315.0,397,3778,9.0,5140,1915,1490,3105,5,C:\anaconda\envs\bigdata\PROJECT1\streamlit\project\ev_compare_dashboard\assets\all_cars_cutout\images\kia_k9.png,kia_k9.png,True,ok,960,470,True,,Kia | K9
Kia,Seltos,1.6 가솔린 터보 트렌디,소형 SUV,가솔린,2170,198.0,270,1598,12.8,4390,1800,1600,2630,5,C:\anaconda\envs\bigdata\PROJECT1\streamlit\project\ev_compare_dashboard\assets\all_cars_cutout\images\kia_seltos.png,kia_seltos.png,True,ok,960,535,True,,Kia | Seltos
Kia,Seltos,1.6 가솔린 터보 프레스티지,소형 SUV,가솔린,2493,198.0,270,1598,12.8,4390,1800,1600,2630,5,C:\anaconda\envs\bigdata\PROJECT1\streamlit\project\ev_compare_dashboard\assets\all_cars_cutout\images\kia_seltos.png,kia_seltos.png,True,ok,960,535,True,,Kia | Seltos
Kia,Seltos,1.6 가솔린 터보 시그니처,소형 SUV,가솔린,2651,198.0,270,1598,12.8,4390,1800,1600,2630,5,C:\anaconda\envs\bigdata\PROJECT1\streamlit\project\ev_compare_dashboard\assets\all_cars_cutout\images\kia_seltos.png,kia_seltos.png,True,ok,960,535,True,,Kia | Seltos
Kia,Seltos,1.6 가솔린 터보 그래비티,소형 SUV,가솔린,2715,198.0,270,1598,12.8,4390,1800,1600,2630,5,C:\anaconda\envs\bigdata\PROJECT1\streamlit\project\ev_compare_dashboard\assets\all_cars_cutout\images\kia_seltos.png,kia_seltos.png,True,ok,960,535,True,,Kia | Seltos
Kia,Niro,1.6 HEV 트렌디,소형 SUV,하이브리드,2713,141.0,265,1580,20.8,4420,1825,1545,2720,5,C:\anaconda\envs\bigdata\PROJECT1\streamlit\project\ev_compare_dashboard\assets\all_cars_cutout\images\kia_niro.png,kia_niro.png,True,ok,960,569,True,,Kia | Niro
Kia,Niro,1.6 HEV 프레스티지,소형 SUV,하이브리드,2990,141.0,265,1580,20.8,4420,1825,1545,2720,5,C:\anaconda\envs\bigdata\PROJECT1\streamlit\project\ev_compare_dashboard\assets\all_cars_cutout\images\kia_niro.png,kia_niro.png,True,ok,960,569,True,,Kia | Niro
Kia,Niro,1.6 HEV 시그니처,소형 SUV,하이브리드,3350,141.0,265,1580,20.8,4420,1825,1545,2720,5,C:\anaconda\envs\bigdata\PROJECT1\streamlit\project\ev_compare_dashboard\assets\all_cars_cutout\images\kia_niro.png,kia_niro.png,True,ok,960,569,True,,Kia | Niro
Kia,Niro,EV 에어,소형 SUV,전기,4855,204.0,255,0,5.3,4420,1825,1570,2720,5,C:\anaconda\envs\bigdata\PROJECT1\streamlit\project\ev_compare_dashboard\assets\all_cars_cutout\images\kia_niro.png,kia_niro.png,True,ok,960,569,True,,Kia | Niro
Kia,Niro,EV 어스,소형 SUV,전기,5120,204.0,255,0,5.3,4420,1825,1570,2720,5,C:\anaconda\envs\bigdata\PROJECT1\streamlit\project\ev_compare_dashboard\assets\all_cars_cutout\images\kia_niro.png,kia_niro.png,True,ok,960,569,True,,Kia | Niro
Kia,Sportage,1.6 가솔린 터보 프레스티지,준중형 SUV,가솔린,2836,180.0,270,1598,12.5,4685,1865,1680,2755,5,C:\anaconda\envs\bigdata\PROJECT1\streamlit\project\ev_compare_dashboard\assets\all_cars_cutout\images\kia_sportage.png,kia_sportage.png,True,ok,960,503,True,,Kia | Sportage
Kia,Sportage,1.6 가솔린 터보 노블레스,준중형 SUV,가솔린,3192,180.0,270,1598,12.5,4685,1865,1680,2755,5,C:\anaconda\envs\bigdata\PROJECT1\streamlit\project\ev_compare_dashboard\assets\all_cars_cutout\images\kia_sportage.png,kia_sportage.png,True,ok,960,503,True,,Kia | Sportage
Kia,Sportage,1.6 가솔린 터보 시그니처,준중형 SUV,가솔린,3460,180.0,270,1598,12.5,4685,1865,1680,2755,5,C:\anaconda\envs\bigdata\PROJECT1\streamlit\project\ev_compare_dashboard\assets\all_cars_cutout\images\kia_sportage.png,kia_sportage.png,True,ok,960,503,True,,Kia | Sportage
Kia,Sportage,1.6 HEV 프레스티지,준중형 SUV,하이브리드,3450,235.0,367,1598,16.3,4685,1865,1680,2755,5,C:\anaconda\envs\bigdata\PROJECT1\streamlit\project\ev_compare_dashboard\assets\all_cars_cutout\images\kia_sportage.png,kia_sportage.png,True,ok,960,503,True,,Kia | Sportage
Kia,Sportage,1.6 HEV 노블레스,준중형 SUV,하이브리드,3707,235.0,367,1598,16.3,4685,1865,1680,2755,5,C:\anaconda\envs\bigdata\PROJECT1\streamlit\project\ev_compare_dashboard\assets\all_cars_cutout\images\kia_sportage.png,kia_sportage.png,True,ok,960,503,True,,Kia | Sportage
Kia,Sportage,1.6 HEV 시그니처 X-Line,준중형 SUV,하이브리드,3964,235.0,367,1598,16.3,4685,1865,1680,2755,5,C:\anaconda\envs\bigdata\PROJECT1\streamlit\project\ev_compare_dashboard\assets\all_cars_cutout\images\kia_sportage.png,kia_sportage.png,True,ok,960,503,True,,Kia | Sportage
Kia,Sorento,2.5 가솔린 터보 프레스티지,중형 SUV,가솔린,3506,281.0,430,2497,10.8,4815,1900,1700,2815,5,C:\anaconda\envs\bigdata\PROJECT1\streamlit\project\ev_compare_dashboard\assets\all_cars_cutout\images\kia_sorento.png,kia_sorento.png,True,ok,960,558,True,,Kia | Sorento
Kia,Sorento,2.5 가솔린 터보 노블레스,중형 SUV,가솔린,3822,281.0,430,2497,10.8,4815,1900,1700,2815,5,C:\anaconda\envs\bigdata\PROJECT1\streamlit\project\ev_compare_dashboard\assets\all_cars_cutout\images\kia_sorento.png,kia_sorento.png,True,ok,960,558,True,,Kia | Sorento
Kia,Sorento,2.5 가솔린 터보 시그니처,중형 SUV,가솔린,4104,281.0,430,2497,10.8,4815,1900,1700,2815,5,C:\anaconda\envs\bigdata\PROJECT1\streamlit\project\ev_compare_dashboard\assets\all_cars_cutout\images\kia_sorento.png,kia_sorento.png,True,ok,960,558,True,,Kia | Sorento
Kia,Sorento,1.6 HEV 프레스티지,중형 SUV,하이브리드,3786,235.0,367,1598,15.7,4815,1900,1700,2815,5,C:\anaconda\envs\bigdata\PROJECT1\streamlit\project\ev_compare_dashboard\assets\all_cars_cutout\images\kia_sorento.png,kia_sorento.png,True,ok,960,558,True,,Kia | Sorento
Kia,Sorento,1.6 HEV 노블레스,중형 SUV,하이브리드,4112,235.0,367,1598,15.7,4815,1900,1700,2815,5,C:\anaconda\envs\bigdata\PROJECT1\streamlit\project\ev_compare_dashboard\assets\all_cars_cutout\images\kia_sorento.png,kia_sorento.png,True,ok,960,558,True,,Kia | Sorento
Kia,Sorento,1.6 HEV 시그니처 그래비티,중형 SUV,하이브리드,4460,235.0,367,1598,15.7,4815,1900,1700,2815,5,C:\anaconda\envs\bigdata\PROJECT1\streamlit\project\ev_compare_dashboard\assets\all_cars_cutout\images\kia_sorento.png,kia_sorento.png,True,ok,960,558,True,,Kia | Sorento
Kia,Mohave,3.0 디젤 플래티넘,대형 SUV,디젤,5054,257.0,571,2959,9.3,4930,1920,1790,2895,5,C:\anaconda\envs\bigdata\PROJECT1\streamlit\project\ev_compare_dashboard\assets\all_cars_cutout\images\kia_mohave.png,kia_mohave.png,True,ok,960,594,True,,Kia | Mohave
Kia,Mohave,3.0 디젤 마스터즈,대형 SUV,디젤,5534,257.0,571,2959,9.3,4930,1920,1790,2895,5,C:\anaconda\envs\bigdata\PROJECT1\streamlit\project\ev_compare_dashboard\assets\all_cars_cutout\images\kia_mohave.png,kia_mohave.png,True,ok,960,594,True,,Kia | Mohave
Kia,Mohave,3.0 디젤 그래비티,대형 SUV,디젤,5950,257.0,571,2959,9.3,4930,1920,1790,2895,5,C:\anaconda\envs\bigdata\PROJECT1\streamlit\project\ev_compare_dashboard\assets\all_cars_cutout\images\kia_mohave.png,kia_mohave.png,True,ok,960,594,True,,Kia | Mohave
Kia,Carnival,3.5 가솔린 프레스티지,대형 RV,가솔린,3470,294.0,362,3470,9.0,5155,1995,1775,3090,9,C:\anaconda\envs\bigdata\PROJECT1\streamlit\project\ev_compare_dashboard\assets\all_cars_cutout\images\kia_carnival.png,kia_carnival.png,True,ok,960,682,True,,Kia | Carnival
Kia,Carnival,3.5 가솔린 노블레스,대형 RV,가솔린,3910,294.0,362,3470,9.0,5155,1995,1775,3090,9,C:\anaconda\envs\bigdata\PROJECT1\streamlit\project\ev_compare_dashboard\assets\all_cars_cutout\images\kia_carnival.png,kia_carnival.png,True,ok,960,682,True,,Kia | Carnival
Kia,Carnival,3.5 가솔린 시그니처,대형 RV,가솔린,4245,294.0,362,3470,9.0,5155,1995,1775,3090,9,C:\anaconda\envs\bigdata\PROJECT1\streamlit\project\ev_compare_dashboard\assets\all_cars_cutout\images\kia_carnival.png,kia_carnival.png,True,ok,960,682,True,,Kia | Carnival
Kia,Carnival,1.6 HEV 프레스티지,대형 RV,하이브리드,3925,245.0,374,1598,13.5,5155,1995,1775,3090,9,C:\anaconda\envs\bigdata\PROJECT1\streamlit\project\ev_compare_dashboard\assets\all_cars_cutout\images\kia_carnival.png,kia_carnival.png,True,ok,960,682,True,,Kia | Carnival
Kia,Carnival,1.6 HEV 노블레스,대형 RV,하이브리드,4365,245.0,374,1598,13.5,5155,1995,1775,3090,9,C:\anaconda\envs\bigdata\PROJECT1\streamlit\project\ev_compare_dashboard\assets\all_cars_cutout\images\kia_carnival.png,kia_carnival.png,True,ok,960,682,True,,Kia | Carnival
Kia,Carnival,1.6 HEV 시그니처 그래비티,대형 RV,하이브리드,4860,245.0,374,1598,13.5,5155,1995,1775,3090,9,C:\anaconda\envs\bigdata\PROJECT1\streamlit\project\ev_compare_dashboard\assets\all_cars_cutout\images\kia_carnival.png,kia_carnival.png,True,ok,960,682,True,,Kia | Carnival
Kia,EV3,Air Standard,소형 SUV,전기,4208,204.0,283,0,5.2,4300,1850,1560,2680,5,C:\anaconda\envs\bigdata\PROJECT1\streamlit\project\ev_compare_dashboard\assets\all_cars_cutout\images\kia_ev3.png,kia_ev3.png,True,ok,960,562,True,,Kia | EV3
Kia,EV3,Earth Long Range,소형 SUV,전기,4571,204.0,283,0,5.1,4300,1850,1560,2680,5,C:\anaconda\envs\bigdata\PROJECT1\streamlit\project\ev_compare_dashboard\assets\all_cars_cutout\images\kia_ev3.png,kia_ev3.png,True,ok,960,562,True,,Kia | EV3
Kia,EV3,GT-Line Long Range,소형 SUV,전기,4666,204.0,283,0,5.1,4300,1850,1560,2680,5,C:\anaconda\envs\bigdata\PROJECT1\streamlit\project\ev_compare_dashboard\assets\all_cars_cutout\images\kia_ev3.png,kia_ev3.png,True,ok,960,562,True,,Kia | EV3
Kia,EV4,Air Standard,준중형 세단,전기,4042,204.0,283,0,5.8,4730,1860,1480,2820,5,C:\anaconda\envs\bigdata\PROJECT1\streamlit\project\ev_compare_dashboard\assets\all_cars_cutout\images\kia_ev4.png,kia_ev4.png,True,ok,960,563,True,,Kia | EV4
Kia,EV4,Earth Long Range,준중형 세단,전기,4650,204.0,283,0,5.8,4730,1860,1480,2820,5,C:\anaconda\envs\bigdata\PROJECT1\streamlit\project\ev_compare_dashboard\assets\all_cars_cutout\images\kia_ev4.png,kia_ev4.png,True,ok,960,563,True,,Kia | EV4
Kia,EV4,GT-Line Long Range,준중형 세단,전기,5031,204.0,283,0,5.8,4730,1860,1480,2820,5,C:\anaconda\envs\bigdata\PROJECT1\streamlit\project\ev_compare_dashboard\assets\all_cars_cutout\images\kia_ev4.png,kia_ev4.png,True,ok,960,563,True,,Kia | EV4
Kia,EV6,Light 2WD,중형 SUV,전기,5260,225.0,350,0,5.1,4695,1890,1550,2900,5,C:\anaconda\envs\bigdata\PROJECT1\streamlit\project\ev_compare_dashboard\assets\all_cars_cutout\images\kia_ev6.png,kia_ev6.png,True,ok,960,455,True,,Kia | EV6
Kia,EV6,Air 2WD,중형 SUV,전기,5540,225.0,350,0,5.1,4695,1890,1550,2900,5,C:\anaconda\envs\bigdata\PROJECT1\streamlit\project\ev_compare_dashboard\assets\all_cars_cutout\images\kia_ev6.png,kia_ev6.png,True,ok,960,455,True,,Kia | EV6
Kia,EV6,Earth 2WD,중형 SUV,전기,5824,225.0,350,0,5.1,4695,1890,1550,2900,5,C:\anaconda\envs\bigdata\PROJECT1\streamlit\project\ev_compare_dashboard\assets\all_cars_cutout\images\kia_ev6.png,kia_ev6.png,True,ok,960,455,True,,Kia | EV6
Kia,EV6,GT-Line 4WD,중형 SUV,전기,6315,325.0,605,0,4.6,4695,1890,1550,2900,5,C:\anaconda\envs\bigdata\PROJECT1\streamlit\project\ev_compare_dashboard\assets\all_cars_cutout\images\kia_ev6.png,kia_ev6.png,True,ok,960,455,True,,Kia | EV6
Kia,EV9,Light 2WD,대형 SUV,전기,6197,204.0,350,0,4.2,5010,1980,1755,3100,7,C:\anaconda\envs\bigdata\PROJECT1\streamlit\project\ev_compare_dashboard\assets\all_cars_cutout\images\kia_ev9.png,kia_ev9.png,True,ok,960,557,True,,Kia | EV9
Kia,EV9,Air 2WD,대형 SUV,전기,6697,204.0,350,0,4.2,5010,1980,1755,3100,7,C:\anaconda\envs\bigdata\PROJECT1\streamlit\project\ev_compare_dashboard\assets\all_cars_cutout\images\kia_ev9.png,kia_ev9.png,True,ok,960,557,True,,Kia | EV9
Kia,EV9,Earth 2WD,대형 SUV,전기,7337,204.0,350,0,4.2,5010,1980,1755,3100,7,C:\anaconda\envs\bigdata\PROJECT1\streamlit\project\ev_compare_dashboard\assets\all_cars_cutout\images\kia_ev9.png,kia_ev9.png,True,ok,960,557,True,,Kia | EV9
Kia,EV9,GT-Line 4WD,대형 SUV,전기,8397,384.0,700,0,3.8,5015,1980,1780,3100,6,C:\anaconda\envs\bigdata\PROJECT1\streamlit\project\ev_compare_dashboard\assets\all_cars_cutout\images\kia_ev9.png,kia_ev9.png,True,ok,960,557,True,,Kia | EV9
Kia,Tasman,2.5 가솔린 터보 다이내믹,중형 픽업,가솔린,3750,281.0,430,2497,8.6,5410,1930,1870,3270,5,C:\anaconda\envs\bigdata\PROJECT1\streamlit\project\ev_compare_dashboard\assets\all_cars_cutout\images\kia_tasman.png,kia_tasman.png,True,ok,960,476,True,,Kia | Tasman
Kia,Tasman,2.5 가솔린 터보 익스트림,중형 픽업,가솔린,4250,281.0,430,2497,8.0,5410,1930,1870,3270,5,C:\anaconda\envs\bigdata\PROJECT1\streamlit\project\ev_compare_dashboard\assets\all_cars_cutout\images\kia_tasman.png,kia_tasman.png,True,ok,960,476,True,,Kia | Tasman
Kia,Tasman,2.5 가솔린 터보 X-Pro,중형 픽업,가솔린,5240,281.0,430,2497,7.3,5410,1930,1920,3270,5,C:\anaconda\envs\bigdata\PROJECT1\streamlit\project\ev_compare_dashboard\assets\all_cars_cutout\images\kia_tasman.png,kia_tasman.png,True,ok,960,476,True,,Kia | Tasman
Mercedes-Benz,A-Class,A 220 Sedan,준중형 세단,가솔린,4990,190.0,300,1991,12.3,4550,1800,1430,2730,5,C:\anaconda\envs\bigdata\PROJECT1\streamlit\project\ev_compare_dashboard\assets\all_cars_cutout\images\mercedes-benz_a-class.png,mercedes-benz_a-class.png,True,ok,960,454,True,,Mercedes-Benz | A-Class
Mercedes-Benz,C-Class,C 200 Avantgarde,중형 세단,가솔린,6430,204.0,320,1999,12.0,4755,1820,1435,2865,5,C:\anaconda\envs\bigdata\PROJECT1\streamlit\project\ev_compare_dashboard\assets\all_cars_cutout\images\mercedes-benz_c-class.png,mercedes-benz_c-class.png,True,ok,960,468,True,,Mercedes-Benz | C-Class
Mercedes-Benz,C-Class,C 200 AMG Line,중형 세단,가솔린,6750,204.0,320,1999,12.0,4755,1820,1435,2865,5,C:\anaconda\envs\bigdata\PROJECT1\streamlit\project\ev_compare_dashboard\assets\all_cars_cutout\images\mercedes-benz_c-class.png,mercedes-benz_c-class.png,True,ok,960,468,True,,Mercedes-Benz | C-Class
Mercedes-Benz,CLA,CLA 250 4MATIC AMG Line,준중형 세단,가솔린,6370,224.0,350,1991,11.2,4695,1830,1430,2730,5,C:\anaconda\envs\bigdata\PROJECT1\streamlit\project\ev_compare_dashboard\assets\all_cars_cutout\images\mercedes-benz_cla.png,mercedes-benz_cla.png,True,ok,960,470,True,,Mercedes-Benz | CLA
Mercedes-Benz,CLE,CLE 200 A/T,준대형 쿠페,가솔린,7420,204.0,326,1999,11.7,4850,1860,1425,2865,4,C:\anaconda\envs\bigdata\PROJECT1\streamlit\project\ev_compare_dashboard\assets\all_cars_cutout\images\mercedes-benz_cle.png,mercedes-benz_cle.png,True,ok,960,483,True,,Mercedes-Benz | CLE
Mercedes-Benz,CLE,CLE 450 4MATIC A/T,준대형 쿠페,가솔린,9820,381.0,510,2999,10.9,4850,1860,1425,2865,4,C:\anaconda\envs\bigdata\PROJECT1\streamlit\project\ev_compare_dashboard\assets\all_cars_cutout\images\mercedes-benz_cle.png,mercedes-benz_cle.png,True,ok,960,483,True,,Mercedes-Benz | CLE
Mercedes-Benz,E-Class,E 200 Avantgarde,준대형 세단,가솔린,7650,204.0,320,1999,12.4,4950,1880,1470,2961,5,C:\anaconda\envs\bigdata\PROJECT1\streamlit\project\ev_compare_dashboard\assets\all_cars_cutout\images\mercedes-benz_e-class.png,mercedes-benz_e-class.png,True,ok,960,456,True,,Mercedes-Benz | E-Class
Mercedes-Benz,E-Class,E 220d 4MATIC Exclusive,준대형 세단,디젤,8610,197.0,440,1993,15.4,4950,1880,1470,2961,5,C:\anaconda\envs\bigdata\PROJECT1\streamlit\project\ev_compare_dashboard\assets\all_cars_cutout\images\mercedes-benz_e-class.png,mercedes-benz_e-class.png,True,ok,960,456,True,,Mercedes-Benz | E-Class
Mercedes-Benz,E-Class PHEV,E 350 e 4MATIC Exclusive EQ,준대형 세단,플러그인 하이브리드,9870,313.0,440,1999,11.1,4950,1880,1470,2961,5,C:\anaconda\envs\bigdata\PROJECT1\streamlit\project\ev_compare_dashboard\assets\all_cars_cutout\images\mercedes-benz_e-class_phev.png,mercedes-benz_e-class_phev.png,True,ok,960,456,True,,Mercedes-Benz | E-Class PHEV
Mercedes-Benz,EQA,EQA 250 Progressive,준중형 SUV,전기,7000,187.7,385,0,5.0,4465,1835,1620,2729,5,C:\anaconda\envs\bigdata\PROJECT1\streamlit\project\ev_compare_dashboard\assets\all_cars_cutout\images\mercedes-benz_eqa.png,mercedes-benz_eqa.png,True,ok,960,525,True,,Mercedes-Benz | EQA
Mercedes-Benz,EQA,EQA 250 AMG Line,준중형 SUV,전기,7580,187.7,385,0,5.0,4465,1835,1620,2729,5,C:\anaconda\envs\bigdata\PROJECT1\streamlit\project\ev_compare_dashboard\assets\all_cars_cutout\images\mercedes-benz_eqa.png,mercedes-benz_eqa.png,True,ok,960,525,True,,Mercedes-Benz | EQA
Mercedes-Benz,EQB,EQB 300 4MATIC Progressive,준중형 SUV,전기,7880,225.3,390,0,4.1,4685,1835,1705,2829,5,C:\anaconda\envs\bigdata\PROJECT1\streamlit\project\ev_compare_dashboard\assets\all_cars_cutout\images\mercedes-benz_eqb.png,mercedes-benz_eqb.png,True,ok,960,582,True,,Mercedes-Benz | EQB
Mercedes-Benz,EQB,EQB 300 4MATIC AMG Line,준중형 SUV,전기,8430,225.3,390,0,4.1,4685,1835,1705,2829,5,C:\anaconda\envs\bigdata\PROJECT1\streamlit\project\ev_compare_dashboard\assets\all_cars_cutout\images\mercedes-benz_eqb.png,mercedes-benz_eqb.png,True,ok,960,582,True,,Mercedes-Benz | EQB
Mercedes-Benz,EQE,EQE 350+,준대형 세단,전기,10390,292.0,565,0,4.6,4945,1960,1510,3120,5,C:\anaconda\envs\bigdata\PROJECT1\streamlit\project\ev_compare_dashboard\assets\all_cars_cutout\images\mercedes-benz_eqe.png,mercedes-benz_eqe.png,True,ok,960,483,True,,Mercedes-Benz | EQE
Mercedes-Benz,EQE SUV,EQE 500 4MATIC A/T,준대형 SUV,전기,14080,442.5,858,0,4.0,4865,1940,1685,3030,5,C:\anaconda\envs\bigdata\PROJECT1\streamlit\project\ev_compare_dashboard\assets\all_cars_cutout\images\mercedes-benz_eqe_suv.png,mercedes-benz_eqe_suv.png,True,ok,960,639,True,,Mercedes-Benz | EQE SUV
Mercedes-Benz,EQS SUV,EQS SUV 450 4MATIC A/T,대형 SUV,전기,16460,360.0,800,0,3.6,5130,1960,1720,3210,7,C:\anaconda\envs\bigdata\PROJECT1\streamlit\project\ev_compare_dashboard\assets\all_cars_cutout\images\mercedes-benz_eqs_suv.png,mercedes-benz_eqs_suv.png,True,ok,960,563,True,,Mercedes-Benz | EQS SUV
Mercedes-Benz,GLA,GLA 250 4MATIC,준중형 SUV,가솔린,6910,224.0,350,1991,10.8,4415,1835,1615,2730,5,C:\anaconda\envs\bigdata\PROJECT1\streamlit\project\ev_compare_dashboard\assets\all_cars_cutout\images\mercedes-benz_gla.png,mercedes-benz_gla.png,True,ok,960,509,True,,Mercedes-Benz | GLA
Mercedes-Benz,GLB,GLB 250 4MATIC,준중형 SUV,가솔린,7110,224.0,350,1991,10.5,4650,1845,1665,2829,7,C:\anaconda\envs\bigdata\PROJECT1\streamlit\project\ev_compare_dashboard\assets\all_cars_cutout\images\mercedes-benz_glb.png,mercedes-benz_glb.png,True,ok,960,505,True,,Mercedes-Benz | GLB
Mercedes-Benz,GLC,GLC 300 4MATIC Avantgarde,중형 SUV,가솔린,8140,258.0,400,1999,10.8,4720,1890,1640,2888,5,C:\anaconda\envs\bigdata\PROJECT1\streamlit\project\ev_compare_dashboard\assets\all_cars_cutout\images\mercedes-benz_glc.png,mercedes-benz_glc.png,True,ok,960,523,True,,Mercedes-Benz | GLC
Mercedes-Benz,GLC,GLC 300 4MATIC AMG Line,중형 SUV,가솔린,9140,258.0,400,1999,10.8,4720,1890,1640,2888,5,C:\anaconda\envs\bigdata\PROJECT1\streamlit\project\ev_compare_dashboard\assets\all_cars_cutout\images\mercedes-benz_glc.png,mercedes-benz_glc.png,True,ok,960,523,True,,Mercedes-Benz | GLC
Mercedes-Benz,GLC Coupe,GLC 300 4MATIC Avantgarde,중형 SUV,가솔린,8550,258.0,400,1999,10.6,4765,1890,1605,2888,5,C:\anaconda\envs\bigdata\PROJECT1\streamlit\project\ev_compare_dashboard\assets\all_cars_cutout\images\mercedes-benz_glc_coupe.png,mercedes-benz_glc_coupe.png,True,ok,960,523,True,,Mercedes-Benz | GLC Coupe
Mercedes-Benz,GLC Coupe,GLC 300 4MATIC AMG Line,중형 SUV,가솔린,9570,258.0,400,1999,10.6,4765,1890,1605,2888,5,C:\anaconda\envs\bigdata\PROJECT1\streamlit\project\ev_compare_dashboard\assets\all_cars_cutout\images\mercedes-benz_glc_coupe.png,mercedes-benz_glc_coupe.png,True,ok,960,523,True,,Mercedes-Benz | GLC Coupe
Mercedes-Benz,GLE,GLE 350 4MATIC A/T,준대형 SUV,가솔린,11660,258.0,400,1999,8.7,4925,2020,1795,2995,5,C:\anaconda\envs\bigdata\PROJECT1\streamlit\project\ev_compare_dashboard\assets\all_cars_cutout\images\mercedes-benz_gle.png,mercedes-benz_gle.png,True,ok,960,526,True,,Mercedes-Benz | GLE
Mercedes-Benz,GLE,GLE 300d 4MATIC A/T,준대형 SUV,디젤,11780,269.0,550,1993,11.6,4925,2020,1795,2995,5,C:\anaconda\envs\bigdata\PROJECT1\streamlit\project\ev_compare_dashboard\assets\all_cars_cutout\images\mercedes-benz_gle.png,mercedes-benz_gle.png,True,ok,960,526,True,,Mercedes-Benz | GLE
Mercedes-Benz,GLE,GLE 450 4MATIC A/T,준대형 SUV,가솔린,12760,381.0,500,2999,8.4,4925,2020,1795,2995,5,C:\anaconda\envs\bigdata\PROJECT1\streamlit\project\ev_compare_dashboard\assets\all_cars_cutout\images\mercedes-benz_gle.png,mercedes-benz_gle.png,True,ok,960,526,True,,Mercedes-Benz | GLE
Mercedes-Benz,GLE,GLE 450 4MATIC AMG Line,준대형 SUV,가솔린,13760,381.0,500,2999,8.4,4925,2020,1795,2995,5,C:\anaconda\envs\bigdata\PROJECT1\streamlit\project\ev_compare_dashboard\assets\all_cars_cutout\images\mercedes-benz_gle.png,mercedes-benz_gle.png,True,ok,960,526,True,,Mercedes-Benz | GLE
Mercedes-Benz,GLS,GLS 450 4MATIC AMG Line Premium,대형 SUV,가솔린,15710,381.0,500,2999,7.9,5210,2030,1830,3135,7,C:\anaconda\envs\bigdata\PROJECT1\streamlit\project\ev_compare_dashboard\assets\all_cars_cutout\images\mercedes-benz_gls.png,mercedes-benz_gls.png,True,ok,960,498,True,,Mercedes-Benz | GLS
Mercedes-Benz,GLS,GLS 450d 4MATIC AMG Line Premium,대형 SUV,디젤,15710,367.0,750,2989,10.0,5210,2030,1830,3135,7,C:\anaconda\envs\bigdata\PROJECT1\streamlit\project\ev_compare_dashboard\assets\all_cars_cutout\images\mercedes-benz_gls.png,mercedes-benz_gls.png,True,ok,960,498,True,,Mercedes-Benz | GLS
Mercedes-Benz,GLS,GLS 580 4MATIC AMG Line,대형 SUV,가솔린,19200,517.0,765,3982,6.5,5210,2030,1830,3135,7,C:\anaconda\envs\bigdata\PROJECT1\streamlit\project\ev_compare_dashboard\assets\all_cars_cutout\images\mercedes-benz_gls.png,mercedes-benz_gls.png,True,ok,960,498,True,,Mercedes-Benz | GLS
Mercedes-Benz,S-Class,S 350 d 4MATIC,대형 세단,디젤,15260,313.0,663,2925,13.0,5180,1920,1505,3106,5,C:\anaconda\envs\bigdata\PROJECT1\streamlit\project\ev_compare_dashboard\assets\all_cars_cutout\images\mercedes-benz_s-class.png,mercedes-benz_s-class.png,True,ok,960,423,True,,Mercedes-Benz | S-Class
Mercedes-Benz,S-Class,S 450 4MATIC,대형 세단,가솔린,15960,381.0,500,2999,9.9,5180,1920,1505,3106,5,C:\anaconda\envs\bigdata\PROJECT1\streamlit\project\ev_compare_dashboard\assets\all_cars_cutout\images\mercedes-benz_s-class.png,mercedes-benz_s-class.png,True,ok,960,423,True,,Mercedes-Benz | S-Class
Mercedes-Benz,S-Class,S 450 4MATIC Long,대형 세단,가솔린,19160,381.0,500,2999,9.7,5290,1920,1505,3216,5,C:\anaconda\envs\bigdata\PROJECT1\streamlit\project\ev_compare_dashboard\assets\all_cars_cutout\images\mercedes-benz_s-class.png,mercedes-benz_s-class.png,True,ok,960,423,True,,Mercedes-Benz | S-Class
Mercedes-Benz,S-Class,S 500 4MATIC Long,대형 세단,가솔린,21360,449.0,571,2999,9.7,5290,1920,1505,3216,5,C:\anaconda\envs\bigdata\PROJECT1\streamlit\project\ev_compare_dashboard\assets\all_cars_cutout\images\mercedes-benz_s-class.png,mercedes-benz_s-class.png,True,ok,960,423,True,,Mercedes-Benz | S-Class
Mercedes-Benz,S-Class,S 580 4MATIC Long,대형 세단,가솔린,25860,503.0,714,3982,8.6,5290,1920,1505,3216,5,C:\anaconda\envs\bigdata\PROJECT1\streamlit\project\ev_compare_dashboard\assets\all_cars_cutout\images\mercedes-benz_s-class.png,mercedes-benz_s-class.png,True,ok,960,423,True,,Mercedes-Benz | S-Class
Tesla,Model 3,Standard RWD,중형 세단,전기,4199,278.9,420,0,5.4,4720,1850,1440,2875,5,C:\anaconda\envs\bigdata\PROJECT1\streamlit\project\ev_compare_dashboard\assets\all_cars_cutout\images\tesla_model_3.png,tesla_model_3.png,True,ok,960,439,True,,Tesla | Model 3
Tesla,Model 3,Long Range AWD,중형 세단,전기,5299,320.0,510,0,5.1,4720,1850,1440,2875,5,C:\anaconda\envs\bigdata\PROJECT1\streamlit\project\ev_compare_dashboard\assets\all_cars_cutout\images\tesla_model_3.png,tesla_model_3.png,True,ok,960,439,True,,Tesla | Model 3
Tesla,Model 3,Performance AWD,중형 세단,전기,5999,460.0,740,0,4.8,4720,1848,1441,2875,5,C:\anaconda\envs\bigdata\PROJECT1\streamlit\project\ev_compare_dashboard\assets\all_cars_cutout\images\tesla_model_3.png,tesla_model_3.png,True,ok,960,439,True,,Tesla | Model 3
Tesla,Model Y,Premium RWD,중형 SUV,전기,4999,342.0,420,0,5.6,4790,1980,1625,2890,5,C:\anaconda\envs\bigdata\PROJECT1\streamlit\project\ev_compare_dashboard\assets\all_cars_cutout\images\tesla_model_y.png,tesla_model_y.png,True,ok,960,473,True,,Tesla | Model Y
Tesla,Model Y,Premium Long Range AWD,중형 SUV,전기,5999,506.9,590,0,5.4,4790,1980,1625,2890,5,C:\anaconda\envs\bigdata\PROJECT1\streamlit\project\ev_compare_dashboard\assets\all_cars_cutout\images\tesla_model_y.png,tesla_model_y.png,True,ok,960,473,True,,Tesla | Model Y
Tesla,Model S,Dual Motor AWD,대형 세단,전기,11599,670.0,755,0,4.2,5020,1987,1431,2960,5,C:\anaconda\envs\bigdata\PROJECT1\streamlit\project\ev_compare_dashboard\assets\all_cars_cutout\images\tesla_model_s.png,tesla_model_s.png,True,ok,960,476,True,,Tesla | Model S
Tesla,Model S,Plaid AWD,대형 세단,전기,13999,1020.0,1420,0,3.8,5020,1987,1431,2960,5,C:\anaconda\envs\bigdata\PROJECT1\streamlit\project\ev_compare_dashboard\assets\all_cars_cutout\images\tesla_model_s.png,tesla_model_s.png,True,ok,960,476,True,,Tesla | Model S
Tesla,Model X,Dual Motor AWD,대형 SUV,전기,12899,670.0,755,0,3.8,5037,2070,1684,2965,6,C:\anaconda\envs\bigdata\PROJECT1\streamlit\project\ev_compare_dashboard\assets\all_cars_cutout\images\tesla_model_x.png,tesla_model_x.png,True,ok,960,486,True,,Tesla | Model X
Tesla,Model X,Plaid AWD,대형 SUV,전기,14699,1020.0,1420,0,3.4,5037,2070,1684,2965,6,C:\anaconda\envs\bigdata\PROJECT1\streamlit\project\ev_compare_dashboard\assets\all_cars_cutout\images\tesla_model_x.png,tesla_model_x.png,True,ok,960,486,True,,Tesla | Model X
